Model,MSE,RMSE,MAE,MAPE,R²,Dir_Acc
Naive_Last,0.000038,0.006147,0.004904,137.02%,-0.0667,0.00%
Naive_Mean,0.000035,0.005952,0.004778,112.15%,-0.0000,0.00%
ARIMA,0.000034,0.005866,0.004749,113.09%,0.0284,48.28%
Prophet,0.000055,0.007415,0.005589,326.88%,-0.5521,51.72%
LSTM,0.000037,0.006075,0.004908,167.60%,-0.0420,44.83%
